<collezione xmlns:dc="http://purl.org/dc/elements/1.1/">
	<oggetto>
	<opera>
			<dc:title>Manifesto cyborg</dc:title>
			<dc:creator>Haraway, Donna Jeanne</dc:creator>
			<dc:date>2018-04-19</dc:date>
			<dc:subject>Donne, tecnologie e biopolitiche del corpo</dc:subject>
			<dc:subject>stili di vita alternativi</dc:subject>
			<dc:subject>femminismo</dc:subject>
			<dc:subject>femminismo e teoria femminista</dc:subject>
			<dc:subject>studi sui mezzi di comunicazione di massa</dc:subject>
			<dc:description>Il pensiero occidentale è da sempre connaturato da un pensiero binario asimmetrico, di cui le opposizioni uomo/donna e mente/corpo rappresentano solo due tra gli assi concettuali più importanti. Si tratta di opposizioni fra termini mai fra loro equipollenti; dualismi funzionali alle pratiche del dominio, sulle donne, sulla gente di colore, sulla natura, sui lavoratori, sugli animali. La nascita del cyborg, da metafora fantascientifica a condizione umana, però cambia questo stato di cose. Perché il cyborg è al contempo uomo e macchina, individuo non sessuato o situato oltre le categorie di genere. La pretesa naturalità dell’uomo è quindi solo una costruzione culturale, poiché oggi tutti noi siamo in qualche modo dei cyborg. L’uso di protesi e by-pass sono solo un esempio di come la scienza sia compenetrata nel quotidiano e abbia trasformato il corpo. E cade il mito che lo vede come sede di una naturalità contrapposta all’artificialità.</dc:description>
			<dc:publisher>Feltrinelli</dc:publisher>
			<dc:contributor>Liana Borghi, Rosi Braidotti</dc:contributor>
			<dc:type>Image</dc:type>
			<dc:format>PNG</dc:format>
			<dc:identifier>EAN:9788807890819</dc:identifier>
			<dc:source> Haraway, Donna Jeanne. Manifesto cyborg: Donne, tecnologie e biopolitiche del corpo, Feltrinelli, 2018.</dc:source>
			<dc:source>https://www.lafeltrinelli.it/libri/donna-j-haraway/manifesto-cyborg/9788807890819</dc:source>
			<dc:language>it</dc:language>
			<dc:rights>
			<url indirizzo="http://creativecommons.org/licenses/by-nc/4.0/"> Creative Commons Attribuzione - Non commerciale 4.0 Internazionale </url>
			</dc:rights>
	</opera>
	</oggetto>
</collezione>